a;b;c;d
Ambrette;Musqué;fruité alcool saké, terreux iris arachide, boisé fut de chêne ;Iris, carotte, alcool de poire, saké, chocolat, cristallin, riz, graine de tournesol, fruit rouge, framboise, fut de chene, tabac blond, noix, cheveu brulé, buis, bogue de noix, mimosa, poudré, musqué
Amyris essence;Boisé;cédré, levure pain chaud, cuiré fumé;Riz blanc, santalé, pain chaud, osier, rosé, stérimar, salé, pate à sel, sparadrap, cédré, dentiste, irisé gras, plastique chaud fumé, styrax, vapeur, sac poubelle neuf, whisky, oud, levure, mimosa, petrichor, odeur de bitume en plein été, trottoir l'été avec l'orage
Angélique racine;Epicé;poivré, musqué, vert, encens;poivre vert, épicé, poivre blanc, fromage de chèvre, ambrette, vapeur, fer chaud, fleur de capucine, roquette, genièvre, encens, boisé, minéral, eau gazeuse
Armoise;Agreste;camphré romarin, menthé, conifère terpénique, sucré réglisse fruit sec;menthé, pin, terpénique, aromatique, eucalyptus, fusant, vert, miellé, essence, cannabis, réglisse, anisé, sapin, pharmaceutique, thé vert, thuya, champignon, camomille, sucré, fruit sec, cacaoté, poussiéreux
Baies roses HE;Epicé;térébenthine champignon, zesté gingembre, gin;Epicé baies roses moderne, frais, poisson, zesté, encaustique, boisé violette cédré, fruité gin, angélique, gingembre, noyau de mangue, papier, céleri, genévrier, carotte, cave, champignon
Basilic HE (à méthyl chavicol);Anisé;Réglisse, vert croquant, lavandé, graine carvis;Vert, tomate, menthé, épicé, citralé, subtilement cuiré daim, réglissé, anisé, plastiqu, graine, pastis, fumé phénolique, barbecue, médicinal, aromatique, mélisse, linalol, lavandé, champignon
Baume Tolu resinoide;Balsamique;Cinnamique, guimauve, miellé;baumé, vraiment cinnamique, vanillé, fumé, papier d'arménie, côté un peu poisson, vraiment l'épicé est dans la cannelle, miellé, réglisse, guimauve, + cinnamate, moins sombre, myrrhe, un peu amandé cerise, fraise séchée, fleur d'acacia
Baume Pérou résinoide;Balsamique;Chocolat, épicé, rhum liquoreux, musqué nitré;Rhum, vanillé, liquoreux, épicé, girofle, fumé, baumé cinnamique, papier d'arménie, chocolaté, poche de musc, renfermé, cave, féve torrefié, sève d'arbre, un peu pharmaceutique, poussiéreux, fruits secs datte pruneaux, lys, narcisse, nougat, miellé, côté foin presque, sucre roux, musc cétone
Bay HE;Epicé;Eugénol métallique, vert montant, butyrique, lys, zesté;poussiéreux, eugénol, épicé, clou, butyrique, vomi, vert, mousse, poivré, caprique, cis-3-hexenol, viande, aldéhydé, sang, vanille fumé, champignon, banane, chocolat, froid/chaud, safrol, phénolique, carpaccio, bouquet garni, pneu, béta caryo
Benjoin (Sumatra résinoide);Balsamique;Epicé cannelle girofle, fruité fraise fruits secs, lacté caramel sucre roux;Vanilline, poudré, cireux, fraise, baumé, boisé, papier d'arménie, aiguilles de sapin un peu grasse, lilas, girofle, cannelle, gras vanillé, banane séchée, sirop de fraise, doux balsamique du frangipanier
Bergamote HE;Zesté;Vert thé, lavandé fleur lfeur d'oranger, fruité marmelade;Lavandé, blé, fruité charnu, flurorescent, zeste de pamplemousse, fleur d'oranger sucré, savonneux
Bourgeon de cassis abs;Vert;fruité cassis, soufré pipi de chat, encens, animal;Narcisse, jonquille, cassis, viande, pipi de chat soufré, vert, poivre blanc, plastique, cyprès, animal, salé, gras, paillé (tapis de plage en paille), encens
Bucchu HE;Menthé;soufré, cassis, eucalyptus;soufré, cassis, menthé, eucalyptus, eau froide, pharmaceutique, bonbon vichy, poireaux, alliacé, feuille de tomate, aromatique, térébenthine, baies de genièvre, résine, mazout, ozonique, pin, corne brulée, gasoil, litchi, menthone, buis
Cade HE;Pyrogéné cuir;fumé goudron, boisé cèdre, aromatique pharmaceutique;fumé, chaussure, goudron, macadam, brûlé, cuiré, phénolique, viande, pharmaceutique camphré, craqué, feu de bois, encens, plastique brûlé, pétrole, anthranilé, train qui freine, cambouis, chaine de vélo, caryophyllène, pin, sent la bagle d'enceinte, le vieux vinyl
Calamus HE;Epicé;cuiré tanné, gourmand alimentaire, lacté;Eclair au chocolat, pate fourré, hyper sucré, café, chocolat, cuiré, miellé, cuir un peu industriel, viande, frigo, brioche, vieux savane rassi, moisissure, ovomaltine, malt, pouf du maroc, babouche, paillé, foin, chataigne, note lactée, quelque chose du costus
Camomille bleue HE;Coumariné foin;Fruité, liquoreux, graine;Fruité, liquoreux, graine, carotte, terreux, thé, fruits secs, foin, tabac, confituré, le rotin, le tabac, orangé, effet légèrement menthé
Camomille romaine HE;Coumariné foin;Fruité fruits secs, poussiéreux, thé;fruité, vineux, poussiéreux, rosé, épicé, foin, lie de vin, canon de fusil, mousse, patchouli, damascénone, tomate, davana, minéral, iris gras, acide gras, paillé, pate de fruits, butyrique, absolu de rose, champagne, thé, aromatique, rose de pot pourri, certains paniers en osier, tisane, banane séchée, figue sèche, chocolat, tabac blond
Cannelle ceylan écorce HE;Epicé;cinnamique, poussiéreux, balsamique;Cinnamique, pharmaceutique, poussiéreux, platre, poisson, peinture, aminé, chaud, balsamique, coca, rosé, cireux, gingembre
Cannelier feuille HE;Epicé;Cinnamique, eugénol, balsamique, paillé;cannelle, épicé, eugénol, pain d'épice, balsamique, fruit sec, coca, pimenté, plastique, chocolat chaud, thé de noel, camphré, laurier, fumé, encens, poisson, amandé, vin chaud
Cardamome HE;Epicé;Poivré conifère, zesté aldéhydé, poisson, camphré eucalyptus;Pin, nettoie-vitre, eucalyptus, épicé, chaussette sale, poisson, paella, blanc-turquoise-vert, levure, sardine, salé, aldéhydé, lavandin, terpénique, riz de cantine avec oignon, pain d'épice, poivré
Carotte graine;Epicé;Fruit sec, iris, terreux, liquoreux;Irisé, juteux, terreux, camphré, betterave, ambrette, liquoreux, fruité violette, cumin, céréale, muscade, eau de vie, camomille, paillé, fruit sec, thé, persil, carvi, ombellifère angélique, essence d'orange, marmelade
Carvis HE;Epicé;Iris, anisé, menthé, foin;Anisé, cumin, pain d'épice, menthé carvone, rond, gourmand, cannelle, foin, vert, paprika, contraste chaud/froid, café, arabic coffee, un peu pétrole, amandé, florale muguet, plastique, éponge mouillée
Cassie abs;Balsamique;Vert concombre, iris, cuiré, alliacé;Irisé, nonadiénal, poussiéreux, savonneux, menthé, vert, eau douce, concombre, salé, boisé cédré, mimosa, lacté, fleuri blanc, poivré, terreux, patate crue, betterave, bac à viande frigo, butyrique, caprique, aldéhydé, fleuri gras, pétrole, pollen, cuiré phénolique, sac en cuir, casto, foin, huile de lin, abricot, salé, vinaigré, lipstick
Cèdre Atlas HE;Boisé;Conifère, fumé goudron phénolique, animal;Champignon, pneu, forêt de pinède sèche, feutre, encre, fumé, épicé, damascone, ambre gris, platre trempé, aromatique, anisé, pharmaceutique, bois pourri, humide, bois traité contre les termites, les bandes blanches du passage piéton juste fait
Cèdre feuille HE;Conifère terpénique;Thuya, camphré, terreux champignon, fumé;Camphré, mentholé, armoise + blanc (terpinéol), montant vertical, concentré de sauce tomate, un peu cassis, sucré mais moins que l'armoise, vinaigré, champignon, un peu fir balsam, un peu soufré, , butyrique, citronelle, agrume (I. Doyen trouve l'armoise + romarin que le cèdre feuille)
Cèdre Virginie HE;Boisé;Conifère terpénique romarin, taillure de crayon, irisé carotte, épicé poivré;Fumé, irisé, violette, boisé cèdre, bouleau, cuiré, poudré, aromatique romarin plus onctueux, carotte, sombre mais propre, crayon papier, feuille de thé sèches, gras et sec
Céleri graine HE;Epicé;Anisé poivré, liquoreux (whisky), foin paillé, raisins secs fruits secs;Réglisse, anisé, mentholé, thé rapeux, carotte, sec, fruité raisin, raisin sec, liquoreux, paille, fenouil, céleri
Ciste-labdanum abs;Ambré;Résineux, conifère, liquoreux, cuiré;Craqué, terre séchée, goudron, pin brûlé, bœuf bourguignon, chèvre, whisky liquoreux, feuille morte, automne, ketchup, sucré, ambré, sucré, bourgeon de cassis, cireux, aromatique, vieil alcool
Citron HE;Zesté;Très frais, acidulé, verveine vert citralé;Citronné, zesté, écorce de citron, mojito, ensoleillé, rieur, acide, un peu sucré, nerveux, vert, aldéhydé, métallique
Citronnelle HE;Citralé;Zesté, poussiéreux, fruité litchi;Citralé, vert, rosé, géranium, anti-moustique, litchi agressif, champignon, gingembre, rapeux, poussiereux, papier chaud
Civette absolu;Animal;Fromage, miellé foin, scatolique;Animal, miel, foin, fumé, oud, trottoir, poussiéreux, peau, commencer à pleuvoir
Clou de girofle HE;Epicé;Métallique, chocolat vanillé fumé, aromatique;Chocolat, eugénol, poivré, coumariné, café, pain d'épice, chair de fraise, vanillé, œillet, brioche, raisin, métallique, pièce de monnaie, laurier, banane séchée
Coriandre graine HE;Epicé;Aldéhydé zesté, lavandé floral, poivré;Mandarine plus éteinte, camphré, masculin, terpénique, fruité camomille, linalol, poisson cru, poivré
Costus HE;Animal;Cheveux gras mouton, irisé, boisé;Animal paillé, fruit sec, irisé, calcaire, minéral, papier, odeur de journal, platre, boisé, pain, levure, poudré chaud, thé matcha, boisé sec, cuiré peau daim, sang en éloignant la mouillette, marin, sciure de bois, melon, boisé santalé, pieuvre, partie bleue de la gomme, pierre à fusil, corne brûlée, mouton et cheveux gras
Cumin graine HE;Epicé;Transpiration, farineux semoule, curry;Grosse cuisine, cumin, aisselle, riz, gras, lacté, carvis, vert croquant céleri, curry, chloré, poussiéreux, boue, amandé, se desséche, semoule, céréale, bière, feuille de shisho, punaise écrasée, étain, sciure de bois, pois chiche, le sable
Cyprès Espagne HE;Conifère terpénique;Poivré zesté, vert, boisé cédré;Laurier noble, terpénique, vert épicé, légèrement sauge, abricot, jus d'orange, térébenthine, boisé, fir balsam, un peu fumé, muscade
Davana HE;Fruité;Fruits secs pruneaux, liquoreux, butyrique, camphré vert;Rhum, fruité pêche, pruneaux, liquoreux, ananas flambé, un peu ciste, cinnamique, riz cuit, coulis de tomate cuit, rouge des pizzas, coing, alcool de vie, butyrique, cuiré, osmanthus, oud, camomille, fruit sec, savonneux
Encens HE;Conifère terpénique;Zesté limette, minéral calcaire, poivré, aromatique;Minéral, terpénique, conifère, résineux, froid, calcaire, zesté, acidulé, mandarine, limette, ozonique, pétillant, âcre, térébenthine, tisane froide, très légérement fumé
Estragon HE;Anisé;Aromatique, chloré, fruité vert poire;Anis, champignon, serpillère mouillée, poire, cardamome, chloré, thym
Fenugrec absolu;Epicé;Légumineux vert, curry, torréfié;Immortelle, réglisse, vert, haricot, légumineux, fève, aqueux, concombre, feuille de violette, tabac blond, fenugrec, torréfié, céleri, vert de la citrouille, lierre, poussiéreux, curry, céréale, écorce d'arbre, corde frottée, graine, piment
Feuille de violette absolu;Vert;Concombre, poussiéreux mousse, iris, foin écurie;Concombre de mer, violette, foin, iris, écurie, osmanthus, rapeux, cassie, papier recyclé, poussiéreux, mie de pain, terreux, gouache, mousse, minéral, rocher mouillé, soufré
Fève Tonka absolu;Coumariné foin;Amandé, animal fumé casto torréfié, miellé pain d'épice;Café coumariné chocolat, légèrement casto, cire d’abeille, fumé, sombre, amandé gourmand, torréfié, crème de marron, fruit sec
Fir Balsam absolu;Conifère terpénique;Fruité fraise fruits secs, aromatique chou, urine miellé, fumé tabac;Pin, pomme, baumé, résineux, sapin, urine, foin, le BN à la fraise, tabac, cagette, sciure de bois, miellé, clochard, fumé, aromatique, fruit sec, sève, pamplemousse, ananas
Fleur d'oranger absolu;Fleur d'oranger;Paillé foin, miellé, animal;Foin, thé, rapeux, sec, animal, linalol / acétate de linalyle, guimauve, sucré, anthranylé, pas vert et plus sec que le néroli, nectarine hyper mure, miellé, texture de mie de pain, sauge, un peu amandé par le côté anthranylé
Galbanum HE;Vert;Térébenthine terpénique, feuille de lierre haricot, alliacé ail persil;Vert, galbanum eucalyptus, camphre, terpénique, rapeux, métallique, haricot, terpène, essence, pétrole, encens, minéral, coriandre, thailandais, sac patate, cave, piment, poivron, cyprès, lierre, champignon
Genièvre baies HE;Conifère terpénique;Désaltérant frais, champignon, vert de violette;Frais, désaltérant, épicé, coriandre, sauge, yaourt abricot, terpéné, lilas, angélique, vert, gin, cocktail, pétillant, sprite, encens, cyprès, boule de poivre, côté terpénique de la sève de mangue, gingembre, champignon, vert feuille de violette, aneth, penture, mentholé, froid, sève, laiteux
Géranium Egypte HE;Rosé;Verveine agrume, vert menthé, fruité litchi cassis abricot;Rosé, confituré (abricot), vert, mie de pain, citronné, essence de rose, farineux, médicamenteux suppositoire, vif, aromatique sauge, linalol, citralé
Immortelle absolu;Ambré;Liquoreux, épicé curry, fruits secs noix;Tapé, noir, fruit sec, terreux, butyrique, épicé, chocolat, miellé, betterave, vineux, patchouli, roquefort, fromage, musqué, curry, liquoreux, whisky, porto, fruité cuiré, sec, brûlé, opopanax, céleri, tabac blond
Iris beurre;Balsamique;Floral violette, terreux sec carotte, céréale;Iris, violette, poudré, terreux, sec, carotte, chocolat, vieux livre, farineux, riz, liquoreux, rhum, cuir, daim, céréale, acide gras
Jasmin Egypte absolu;Florale fraîche;Fruité lactoné, épicé, animal;Pêche, abricot, confiture, girofle, cannelle, indolé, crésolé
Jasmin sambac absolu;Florale fraîche;Orangé indolé, vert muguet jacinthe, chloré;Fleuri blanc amer anthranylé, gras, lactonique, banane, camphré, essence, jacinthe sans le vert, urine, indolé, épicé, cannelle, côté vert, thé au jasmin
Jonquille absolu;Florale fraîche;Salé cuiré animal, cinnamique foin, vert;Narcisse, fumé, vert, tomate, concentré de tomate, moutarde, la viande, épicé cinnamique, concombre, tomate verte, fruité du jasmin, paté en croute, ferraille, salé, foin, paprika, floral aldéhydé
Lavande HE;Agreste;Herbacé foin, floral, menthé aromatique;Eucalyptus, aromatique, lavandé, camphré, menthé, foin coupé coumarine, tabac, miel, osier, réglisse, sauge, thé, bergamote, fruité
Lavandin grosso HE;Agreste;Camphré, savonneux, animal transpiration;Lavandé, eucalyptus, linalol, camphré, poivré, pharmaceutique, aromatique, propre
Lemongrass HE;Citralé;Rapeux, poisson, épicé céleri;Verveine, citralé, gras, lourd, compact, ongles de citron, céleri, algue, poisson, fibreux, rapeux, métallique, salé, petite nuance calamus, poussiéreux, ananas, banane, animal, olive
Lentisque absolu;Mousse moisi;Foin, vert, maté matcha, légume;Soupe, poireaux, chocolaté, un peu fleuri gras, courge, vert, un peu coulis de tomate, boisé cédré, pomme de terre, un peu pin patchouli doux, onctueux, noix, paillé, figuier, balsamique, réglissé, alliacé doux, animal chaud, maté
Limette distillée HE;Zesté;Coca Cola, citralé verveine, camphré champignon;Fête foraine, bonbon mais très aromatique, eucalyptus, coca-cola, verveine, terpinéol, lys
Litsea cubeba HE;Citralé;Rosé, anisé, hespéridé;Citralé, anisé, plus frais, aérien, agrume, gingembre, minéral, rosé, basilic, réglissé, cédrat
Mandarine (jaune) HE;Orangé aldéhydé;Zesté, effervescent, miellé fleur d'oranger;Effervescent, aspégique, soufré, fusant, aldéhydé, montant, très fin, froid, sucre glace, anthranylé, farineux, poudré, miellé
Menthe crépue HE;Menthé;Vert frais concombre, mentholé, sucré poudré;Chlorophylle, ronde, poudré, sucre glace, vert géranium, plus alliacé feuille que carvone
Menthe poivrée HE;Menthé;Montant froid, crémeux, épicé poivré, vert;Epicé, menthé, vert, piquant, terreux, la Vosgienne, camphré, mentholé. Plus froide, montante, réglisse
Mousse de chêne absolu;Mousse moisi;Algue iodé, champignon, thé maté, animal olive;Poussiéreux, mousse, algue, fruité mur, olive, daim, un peu absolu de rose, thé noir, truffe, épinard, boisé, minéral, chien mouillé, moisi, feuille morte, épicé piment, iodé, maté
Myrrhe HE;Balsamique;Champignon, anisé réglisse, caoutchouc brûlé cuiré;Pneu, freinage de train, bouillon de légume, encre de feutre, résineux, champignon, réglisse, aspirateur, station essence, anisé, papier journal, caoutchouc brûlé, térébenthine, étain de la soudure, rhubarbe fraîche, cachou, cirage
Myrte HE;Agreste;Camphré, vaporeux, gingembre;Camphré, riz, vapeur, un peu coco mais très médicamenteux, genre figuier cheap, côté boisé fumé, ravioli aux crevettes vapeur, lingettes chaudes du restaurant chinois, citronné, fruité pate de fruit, gingembre, galet, marin, iodé, encore
Narcisse absolu;Miellé;Vert gras cireux, paillé foin, cinnamique cuiré;Vert, gras, fleur blanc, animal, équin, granuleux, méthylé, un peu fumé, légèrement cinnamique, viande, billet/jeux de carte, foin, camomille, café vert, fruité, cornichon, vieux fleuri aldéhydé un peu limite
Néroli HE;Fleur d'oranger;Lavandé, vert croquant, doux guimauve;Lavandé, orangé, méthylé, indolé, chèvrefeuille, bergamote, splash, vert, pin, pain, ape, eucalyptus, thym, chair blanche du colin, riz basmati, pois chiche
Opoponax HE;Balsamique;Champignon, sève, minéral;Colle, sève, le blanc de la tige de pissenlit, champignon, réglisse, opoponax, truffe, cèpe séché, c'est une note blanche, caoutchouc, vert, frain de train, soudure, minéral, galbanum, calcaire, béton mouillé, fini en gingembre, cuvette
Orange douce HE;Orangé aldéhydé;Aldéhydé zesté, orange pressée, sucré;Essence d'orange, Limonène, jus d'orange, métallique, cheap, acide grinçant, médicamenteux, vibrant, bonbon à l'orange
Osmanthus absolu;Fruité;Abricot pêche, cuiré daim, animal sébum, tabac foin;Cuiré daim, abricoté, chorizo, sébum, vert, thé infusé, châtaigne, écurie, foin, tabac, miel, fruit sec
Palmarosa HE;Rosé;Paille foin, verveine citralé citronné métallique, fruité litchi abricot acide;Fleur d'oranger, foin, fleuri blanc, néroli, mimosa, linalol, thé, foin, notes rosées, verveine, sauge, tilleul, ferreux, rhum
Pamplemousse HE;Zesté;Amer orangé, citralé, aldéhydé;Limonène moins cheap, juteux lumineux, un peu acide, humide jyeux, dynamique, orange, harmonieux, un peu linalol, fleur d'oranger, aldéhydé pression, orange confite, un peu vert, loin dans le brouillard : anisé
Patchouli HE;Mousse moisi;Boisé, camphré, terreux, liquoreux;Terreux, moisi, camphré, sec, boisé, chocolat, humide, marais, poivré, terpénique, cuiré, réglisse, paille
Petitgrain bigarade HE;Fleur d'oranger;Lavandé aromatique, vert croquant haricot vert, racine fumé;Fruité, linalol, thé, fumé, anthranylé, fleur blanche, guimauve, iris terreux, indolé, pain de campagne un peu trop cuit, haricot vert (dû à l'ocimène)
Petitgrain citronnier HE;Citralé;Aromatique, poivré gingembre, rosé, aldéhyde métallique;Citralé, frais, zesté, mais quand même quali, verveine, eau fraîche, aromatique, cédrat, assez doux, un peu gras, vert, fleuri rosé géranium, graine carotte/cumin, gingembre, estragon, métallique, persil, aldéhydé, petite note foin qui arrive
Pin Sibérie HE;Conifère terpénique;Camphré aromatique, aldéhydé mandarine, vert feuille de tomate;Citronné, la vosgienne, menthol, feuille de tomate, épicé du poisson, aneth, soufré, vert, cassis, sève qui colle, pin, terpinéol, aldéhydé C12 mandarine clémentine, cardamome, gingembre, patchouli, thuya
Poivre noir HE;Epicé;Zesté pamplemousse, piquant montant, boisé;Epicé, linalol, un peu vert, citronné, gingembre, limonène, pamplemousse, anisé, fenouil, clou de girofle, poivre, semoule, céréale, poisson, vert jaune blanc, roquette, lys, capucine
Romarin HE (Tunisie);Agreste;Menthé, animal, gingembre;Eucalyptus, mentholé, vieille chaussette, vinaigré, eau de cuisson riz, bonbon coca, gingembre, truc pas nette (mouton, cotelette, cuir), animal, garrigue, minéral, bolognese, sauce tomate au bout de 10min
Rose abs Turquie;Rosé;Miellé, balsamique doux (APE), poivré épicé eugénol, artichaud vert;Caoutchoux, raie des fesses, chocolat, tapenade, foin, fécal, vineux APE, rosé citronné, eugénol, pot pourri, fruité sombre, artichaud, rouge profond, chou vert
Rose HE Turquie;Rosé;Fruité litchi poire, juteux humide citronelle, métallique aldéhydé épicé;Pain de mie chaude, saké, alcool de poire, un peu irisé, humide, rosé, salé, artichaud, vert diffus, farine, framboise, litchi
Santal HE Inde;Boisé;Lacté crémeux, céréale pignon de pain arachide, épicé muscade;Anisé, vanillé, santalé, doux, rond, laiteux, craie, boisé, céréale, cardamome, pignon de pain, irisé, praliné
Sauge sclarée abs;Coumariné foin;Paille fraîche tabac, tisane tilleul, balsamique cireux, mousse poussiéreux;Fleuri gras, caramélisé, un peu tubéreuse, équin, foin, tabac, fruit sec, vanillé, un peu vert gras, boisé chêne, un peu rhum, sauge, camomille, costus, paillé, concrète de fleur, thym, gigot, balsamique, mousse
Sauge sclarée HE;Agreste;Lavandé, paille, animal, thé;Lavandé un peu styrène, chaud, moite, on sent le soleil qui tape sur le champ de lavande, un peu foin sec paille, un peu crottin biquette en facette, thé, ambre gris, tabac brun, fruité menthé, quelque chose de sale, épinard.
Styrax HE;Balsamique;Cinnamique, floral œillet, plastique cuiré;Cannelle, cinnamique, polystyrène, indolé, plastique fondu, PVC, pivalone, fleuri doux, méthylé, ylang, cuiré doux, œillet, jacinthe, lilas, glycine, colle blanche, ketchup synthétique, miellé, mimosa, amandé, terpénique au départ, castoréum, sève, vin chaud, pivoine, lilas, glace à la vraie pistache
Tagète HE;Fruité;Menthé, oranger rhum, ortie, épicé cardamome;Menthé, menthe poivrée, fraiche, verte, sent le birhyani indien, épicé, un peu cardamome, sucré, un peu liquoreux, fruité, un peu coca canelle, vert, mangue, ortie, le riz, alliacé, orangé orangette, fruité terpénique, fruit exotique, mangue, fruit de la passion, cassis, aldéhydé, oxyde, champignon, aromatique estragon, le gasoil de la limette, la feuille de tomate, sent le scoobidoo,, de loin la pomme, shiso, café vert
Térébenthine HE;Conifère terpénique;Cirage, poivré camphré, carotte;Camphré, épicé vert pâle, ardoise, un peu poisson (citron, poivre), vert jaune blanc + picots noirs, terpénique, aromatique. Camphré, carotte, céleri, poivré, encens, encaustique
Thym blanc HE;Agreste;Pharmaceutique, fumé goudron, résineux pin encens;Eucalyptus, thym, vert, aromatique, bouquet garni, mentholé, vif, sent le goudron chaud, le panneau en bois seul sur la route 66, charcuterie fumée, truc contre le rhume, l'inhalation, côté blanc vert et noir avec des picots rouges, cuiré bizarre, pneu, térébenthine, départ limette coca, après sève de pin, encens, poteau électrique en bois, petit pois carotte, encre
Tubéreuse abs;Florale fraîche;Orangé anthranilé, lactoné gras, vert pharmaceutique;Méthylé, pharmaceutique, gras, galettes de sarrasin, mimosa, acacia, vert, racine, viande rouge/crue, lactoné, fumé, chataigne, farineux
Vanille abs;Balsamique;Amandé héliotropine, cacao, praline gaufrette, animal;Vanillé, héliotropine, protège-cahier bleu électrique, sucre vanillé, fumé vanillé
Vétiver Haïti HE;Boisé;Terreux, noisette arachide, irisé;Vert boisé noisette noix torréfié racineux anisé cuiré poivré iodé moisi réglisse irisé arachide artichaud paillé
Ylang extra HE;Florale fraîche;Salicylé solaire, épicé, pharmaceutique;Couche pour bébé, fleuri blanc, gras, cinnamique, camphré, solaire, carvis, fruité, lys, fleur blanche, balsamique, banane verte
Acétal CD;Florale fraîche;Muguet, miellé, vert gras;Muguet, vert, fleuri humide, APE lointain, miellé musqué, un peu pamplemousse, rosée du matin, blanc d'œuf, très délicat lointain, un peu mousse moisi, saucisson, tilleul tombé de l'arbre très miellé, lilas
Acétate d'anisyle;Anisé;Fruité framboise, poudré mimosa, vert aqueux;Framboise, fruité fraise, un peu pharmaceutique, conifère, fruité rouge, lactoné, crémeux, grains de mûre, yaourt, un peu crayeux, métallique (un peu aldéhyde myrac), un peu ozonique en allant chercher, iodé, héliotropine, nuage de framboise, moins bonbon qu'une framboise, guimauve, sucre glace, floral ylang, dans l'anisé poussiéreux, mimosa
Acétate de benzyle;Florale fraîche;Jasminé, fruité (banane poire), ether acétone dissolvant plastique;Poire, banane, feutre weleda, liquoreux, herbacé gazon, dissolvant, plastique, protège-cahier, essence carburant, tout un aspect floral (jasmin), mangue, jacinthe, narcisse, jonquille
Acétate de cédryle;Boisé;Violette, Ambré sec, encens poivré;Boisé un peu sourd, gin vodka, genévrier, cédré, violette, réglisse, encens, résine de conifère, bois ciré, transparent et miroitant, ambre blanc, un peu glycine, sent mieux dans le temps. Particularité : démarre très doucement.
Acétate de cis-3-hexenyle;Vert;Fruité poire, herbe coupée, rosé muguet;Herbe, vert, fromage, poire, fruité, ester, banane, rosé, juteux, le vert d’une note muguet
Acétate de citronellyle;Rosé;Fruité pomme, agrume carambole, poussiéreux vapeur;Alliacé, rosé, artichaud, vapeur, parmesan, thé, agrume, physiquement piquant, kiwi, carambole, pomme rouge, étouffant, muguet, crème nivéa, pomme cuite, thé, citron chaud, grog, whisky rhum liquoreux
Acétate de DMBC;Fruité;Fruit sec, mentholé aromatique, rosé damascénone;Légume, vert, râpeux, poivron, feuille de tomate mais en plus doux, un peu jacinthe pas éclot, bourgeon. Un peu champignon. Fruité agreste, acétate, mentholé, un peu damascone, rosé, un peu cacao, fruit sec raisin sec, sucre roux, tabac blond, eucalyptus aromatique, sauge.
Acétate de géranyle;Rosé;Fruité poire, zesté verveine, vert métallique, gingembre;Métallisé, marin, chewing gum, rosé, acidulé sucré, citronelle, verveine, kiwi, fleuri blanc, concombre dilué, poire de ouf, magnolia, mimosa, fruité en tout cas : jus de poire, pèche, vert un peu grinçant, papaye, gingembre
Acétate d’hexyle;Fruité;Poire, éthéré montant, juteux sucré;Poire, peau de poire, hyper juteux, hyper volatile, bannane dissolvant, sucré, un peu melon fermenté un peu iodé, fleuri jasminé
Acétate d’isobornyle;Conifère terpénique;Camphré La vosgienne, Fruit rouge myrtille sucré, poussiéreux rèche litière de chat;Bonbon la vosgienne, cyprès, terpène, confière, myrtille, canneberge, sucré, mentholé, litière de chat, myrrhe
Acétate de linalyle;Agreste;Lavandé, zesté bergamote earl grey, fleur d’oranger guimauve, savonneux propre;Bleu, jaune, lavandé bergamote avec « éclair noir » par rapport au linalol, plus sombre, aromatique, citron confis, presque gourmand, guimauve, fleur d’oranger, métallique, texture sucre glace, bonbon violette, un peu sapin, sauge, litchi
Acétate de para-crésyle;Animal;Cheval, anisé, cuiré, fleuri ylang;Anisé, réglisse, cul de cheval, cuiré, gomme, pneu, paille, paille, foin, animal, crottin, réglisse sombre, pastis, côté un peu rosé, riche, saké, jasminé, graine, plastique, vodka, pomme de terre, gouache, trottoir, montant, certains endroits du métro, pain d’épices, charcuterie, foin, fenouil
Acétate de phényl éthyle;Rosé;Vert champignon, fruité pomme, vineux miellé;Rosé, fruité, miellé, jacinthe, indolé, pomme, poire, diorissimo, muguet, acétate de benzyle, vert, pèche, capucine, vineux, caoutchouc, champignon, mousse, anisé
Acétate de styrallyle;Vert;Rhubarbe mangue, vert gazon poivron, sucré noisette, pamplemousse métallique;Fruité mangue, papaye, fruit de la passion, lactoné, vert, rhubarbe, gardénia, noisette, poivron, peinture fraîche, gouache, praliné, asperge urine chaude, noisette sucré, coque, vin blanc sucré (sauterne)
Acétate de terpényle;Agreste;Zesté orange pamplemousse bergamote, cardamome violette, fruité savonneux;Citronné détergent, acétate de linalyle du pauvre, produit vaisselle orangé, guimauve, bergamote, pamplemousse, orange mais en cheap, amer qui vrille, très volatile, perdu pas mal à l’évolution pour rester sur le côté orangé, un peu violette, poire, un peu cassis, facette aqueuse, cactus, tapis de gym, figue de barbarie
Acétate de vétiver;Boisé;Vétiver cédré, pamplemousse, iris farineux, châtaigne lacté;Cédré, rond doux, violette, irisé, santalé, un peu détergent, très violette ionone gras, iris sec rhizome, terreux, boisé terreux, pain de mie, farineux, pamplemousse sucré, châtaigne, lacté, rhubarbe, arachide, vinaigré, artichaud
Acide phényl acétique;Miellé;Vinaigré poussiéreux, animal, fruité (patate, chocolat ananas);La mort, la vodka, la patate, le miel, feutre, rose, fromage, clochard, vieille croûte, betterave, farineux, chocolat, ananas, propolis, coing, dessous d’ongle, cirage, encaustique, vinaigré, un peu fir balsam, olive, poudré violette, anisé réglisse
Adoxal;Orangé aldéhydé;Métallique, iodé marin, vert concombre, blanc d’oeuf;Fer chaud, vapeur de fer, ozonique, baudruche, aldéhydé, métallique, blanc d’oeuf, marin, persil, vert, concombre, agrume, mandarine, iris, matcha
Alcool cinnamique;Balsamique;Cinnamique, rosé APE, amandé miellé, fermenté (bière, cèdre) (attention, alcool phényl propylique plus tard);Cannelle, APE, gingembre, héliotrope, salive, pate d’amande, poussiéreux, miellé, cidre, bière, fermenté, olive noire, vineux
Alcool phényl éthylique;Rosé;Marguerite, vineux caoutchouc eau stagnante, saké, miellé doux;Rosé jaune blanc oranger, vert craquant, saké poire, pain au chocolat, jaune d’oeuf, effet colle, diffus, effet feutre weleda, coquelicot, vineux, liquoreux, mie de pain, jacinthe, oeillet, asperge, plastique, fleuriste, pivoine, bouchon de liège, idée de pollen, cire d’abeille nettoyée, marguerite
Alcool phényl propylique;Balsamique;Cinnamique, vineux rosé, fleuri jacinthe;Cinnamique, colle, un peu métallique, pas hyper puissant étonnamment, solvant, goudron, un peu rosé, miellé, fruit pourrie (mandarine pourrie), effet salicylé, jacinthe, jonquille, lilas, pois de senteur décrépi, bière, stérimar
Aldéhyde anisique;Anisé;Amandé cinnamique, anthranylé, algue, floral (mimosa, acacia, lilas);Coumariné, mouillé, mousse de chêne, linge mouillé, tante quechua, poisson, pipi, sent les toilettes publiques propres, amandé, terpinéol, détergent, lilas, plastique, anthranylé, naphtaline, algue, varech ammoniaqué, poudre à récurer, mimosa, genêt
Aldéhyde C8;Orangé aldéhydé;Gras rance, zesté orangé légère nuance coco, métallique inox, poire;Aldéhydé, rapeux, agrume, copeaux de coco, blanc/gris, piscine vide, oisette, huile de friture rance, l’amertume de la peau de pamplemousse, aqueux concombre
Aldéhyde C10;Orangé aldéhydé;Coriandre, mandarine pamplemousse, poussiéreux métallique;Orangé, poussiéreux, coriandre, acide citrique, stridant, métallique, pétillant, animal, vieux draps, certaines carottes
Aldéhyde C11;Orangé aldéhydé;Butyrique, fer chaud, banane pourrie, acide;Aldéhydé, orangé, puissant, fer, vomi, vêtement de vieux, suc gastrique, acide, butyrique, concombre, cuir chevelu pas net, banane pourrie sucrée, l’ortie et le lantana
Aldéhyde C12 laurique;Orangé aldéhydé;Zesté mandarine, vert, vapeur ozonique;Aldéhydé métallique, butyrique, vert, sapin, ambré, savon, marin, poudre blanche, neige, plâtre, chou de bruxelles, ozone, feuille de tomate, aspirine, mandarine, agrume, vaporeux, fer  chaud, neige chaude, bâton de ski, parafine, accord tarentule, insecte, feuille de coriandre, carotte dégueulasse
Aldéhyde C12 MNA;Orangé aldéhydé;Calcaire, conifère encens, métallique, ozonique;Aldéhyde, neige, tapis, ambré, fleuri, pédiatre, métallique, poussiéreux, fin, fleur blanche bien moisie fanée, poire de ouf, encens, calcaire, butyrique, magnésie, odeur de cellophane, eau chaude dans la bouilloire, vapeur ozonique, sent la fougère naturelle, artichaud, acétate d’isobornyle, le schweppes, la rue (petite plante interdite car très avortif)
Aldéhyde C16;Fruité;Fraise poire, animal, cannelle;légèrement ambrarôme, doux, peu puissant, écurie de très loin, fruit rouge, fraise, tagada, pomme rouge, coing
Aldéhyde C14;Fruité;pèche (abricot, pomme poire coco), gras cireux crayon, carton farineux;shampoing, fruité, peche, pomme verte, coco, abricot, métallique, sang, farineux, rapeux, peut aller chercher un iris (beurre), cireux, blé, avoine, noix, graphite, mine de crayon, mirabelle, gant de toilette humide
Aldéhyde C18;Fruité;lacté, figuier, céleri, amandé;coco, figuier, lacté, minéral, lézard, rapeux, citronelle, grain, lait d’amande, chocolat blanc, crème de marron, iodé persil, champagne, boisé
Aldéhyde cinnamique;Epicé;cannelle, amandé, légume navet, boisé poussiéreux;bâton de cannelle, un peu amandé, plastique, pneu, carotte, céleri, navet, un peu labdanum, os de poulet, thé à la cannelle cheap, calisson, vin chaud, noix de pécan, pistache, miel
Aldéhyde cyclamen;Marin;fleuri muguet, pastèque melon, vert, caoutchouc plastique;humide, aqueux, vert, concombre, plastique, bulle, rond, fleuri, muguet, ozonique, melon d’eau, pastèque sucrée, léger effet cumin, thé, éponge sale humide, jacinthe, muguet, seringa, troène, freesia
Aldéhyde mandarine;Orangé aldéhydé;Mandarine, coriandre feuille de tomate, ozonique marin;Aldéhyde, neige, frais, vineux, lierre, escargot écrasé, bigorneau, salé, plus savon, un peu plus marin, sent le savon jaune de l’école, léger côté diphényl oxyde / feuille de géranium, zesté mandarine, lie de vin, coriandre, les rails sous la pluie, feuille de tomate
Aldéhyde phényl acétique;Vert;Amandé, miellé pollen, floral marguerite;APE sous coke, grosse rose de jardin, artichaud, très impactant, miellé, marguerite à fond, vert, pollen, capucine, miellé du safran, jacinthe, acacia, feuille de cassis, amandé, effet cinnamique
Allyl amyl glycolate;Fruité;banane ananas, vert gazon, vapeur chaud bouilloire;Vert, fruité, gazon, pomme, jus de pomme, tend vers la grosse banane écrasée, sent le chaud, bouilloire, céleri branche, étouffant, moite
Ambrettolide;Musqué;Fruité mûre, crayeux blanc, poire, lacté;Musqué, poudré, framboise, blanc, nuageux, craie, cosmétique, mûre, un peu thé, crayeux mur en pierre, propre, pelure de pomme, dalle humide, lacté, violette lointaine, talc, fleuri muguet
Ambrinol;Animal;Terreux, ambre gris, minéral;Terre, ambre gris, cave humide, chlore, piscine, terre fraîche humide, patchouli, animal, ambré, labdanum, cuir, feutre, encre, irisé, violette, camphré, aromatique, eau stagnante marais, minéral, betterave
Ambroxan;Ambré;Boisé cédré, papier journal, terreux tabac brun, violette;Ambré boisé, cèdre, vétiver, transpi, vieux cuir, champignon, sec, papier journal
Anethol;Anisé;Réglisse, amandé, vert;Anis, pastis, réglisse, jaune vert, aromatique, sucré, vanillé, fenouil, amer, un peu lavandé, un peu fleuri fleur des champs, giroflée, amandé orgeat, épicé cardamome, foin frais
Anthranilate de méthyle;Orangé aldéhydé;Naphtaline, fruité fraise raisin, poussiéreux, plastique caoutchouc;Colle, naphtaline, aluminium, cuir noir, fleuri, thé au jasmin, chemin de fer, piscine, mort, pétrole, pneu, caoutchouc, plastique neuf, raisin anglosaxon, fraise des bois, un peu amandé, fleur d’oranger, gardénia, mentholé, cassie, mimosa
Aurantiol;Orangé aldéhydé;Floral fleur d’oranger tubéreuse, naphtaliné anthranilé, plastique, solaire;Orangé, anthranilé, doux, fraise charlotte, fleuri doux, solaire, gras, jasminé, amandé, anisé, plastique, cave, tubéreuse
Bacdanol;Boisé;Santal, coco, beurré brioche;santal synthétique, écoeurant, chaussette sale, lourd, bloc, lacté, sec, smecta, boisé ambré, chloré, noix de coco, poussiéreux, brioche, boisé
Benzoate de méthyle;Florale fraîche;Méthylé, floral ylang, amandé cerise, phénolique caoutchouc;Méthylé, sec, chewing gum wintergreen, anthranilé, fleur d’oranger, gras, fleur blanche, ylang, tubéreuse, ciment, chantier, goudron chaud, amandé chocolat, laque, produit chimique, cerise, liqueur de cerise, Mon chéri, lacté, maltolé derrière, éthéré, poussiéreux, phénolique, encre, amandé, miellé, brioches, clafoutis, voiture neuve, balle de tennis, benjoin, mimosa reconstitué
Bourgeonal;Florale fraîche;Floral muguet tilleul, caoutchouc, marin ozonique;Plastique, vert, marin, sec, aldéhyde cyclamen moins puissant, gras, grinçant, un des plus jolis substituants lilial / lyral, fleuri muguet, mie de pain, peau de banane verte, aldéhydé, tige, sève, eau salée, timbre à lécher
Butyrate DMBC;Fruité;Fruité pomme raisin, vert, thé;Jus de pomme, jus de raisin, conifère, un peu sève figuier, liquide, rosé damascone, kiwi, vert, très fruité divers, on a tous les fruits qu’on souhaite, même dans le côté liquide, côté boisé qui oscille entre pin et figuier, vert, fruit sec, tabac blond, lapsang souchon, pate de coin, damascone, acacia, seringa, acidulé, papaye, jus sucré quand même, lavandé
Butyrate de géranyle;Rosé;Butyrique, civette, jus d’orange;Butyrique, fruit vomis, régurgitation, rot de lait, floral blanc, tubéreuse, jasmin, géranyle, juteux, marin, kiwi, acide, jus d’orange
Calone 1951;Marin;Huitre, pastèque melon, métallique persil olive (verte amère);Marin, menthe, huitre, eucalyptus, métallique, persil, inox, concombre, melon, pastèque, magnolia
Camphre;Agreste;Froid glacial montant éthéré, aromatique, résine naphtaline;Menthé, eucalyptus, camphré, débouchez nez, perce le ciel, traverse, épée lumineuse, froid, anisé, réglisse, litière de chat, éther, doucement résineux, romarin
Canthoxal;Anisé;Mimosa, aqueux pastèque, vert, aldéhydé;Solaire, vert, jasminé, concombre, chocolat blanc, pastèque, mimosa, aqueux, amandé, aubépine, pâte à pain, melon, anis, savonneux, aldéhydé, muguet, lilas, tanin, banane verte, frite, galette des rois un peu grasse
Carvone L;Menthé;Sucré poudré, très frais (pas froid), aromatique;Menthé frais, pas poivrée, chewing gum vert, flash, thé, fruité, anisé, poudré, ananas, navet, savonneux
Caryophyllène Béta;Conifère terpénique;Poivré, terreux cave, fruit confis/légume;Rouge grenat un peu sombre, confituré, plat, boisé poussiéreux, un peu encaustique, côté vieille cave champignon, terpénique, pharmaceutique, eau de cuisson, amidon, verdeur un peu sombre, carotte, eau de vie fruitée, encens, résine, épicé, muscade, laurier, salé métallique, betterave boisée
Cashméran;Boisé;Musqué, terrreux patchouli, fruité pomme, eucalyptus camphré encens;Pomme, gouache, poussiéreux, cave, humide, montant, croquant, cuir synthétique, boisé rond, solaire, pomme dans cagette, camphré eucalyptus, boisé musqué, mûre et musc, terreux betterave, minéral, patchouli, boisé sec, le citralé de la verveine, caryophyllène, cassis, ambre gris, résinoide encens
Cedramber;Ambré;Boisé cédré, sec, fleuri lys violette;Boisé ambré sec, transpi, cédré ambré, cuiré, essence, sciure, cèdre, tabac sac, un peu violette, lys, oeillet
Cinnamate de linalyle;;;Cinnamlque, orangé, marsmallow, yaourt à la cerise, chèvrefeuille, amandé, sourd et tassé, abricoté, fruité, floral. Devient de plus en plus chèvrefeuille et yaourt à l’abricot, labdanum éthéré
Cinnamate de méthyle;Balsamique;Cinnamique, fruité fraise, animal salive;Cinnamique, ciste, salive, bave, vin chaud, peuplier, colle, amande, pomme cuite, butyrique, patchouli, baumé, résineux, orangé, fraise, animal, rosé, benjoin, miellé poudré, guimauve, chanvre, lys épicé, narcisse, seringa, acacia
Cis jasmone;Epicé;Céleri champignon, anisé carvis réglisse cumin, figuier lactonique, jasmin;Céleri, asperge, urine, plastique, cumin, brûlé, train qui freine, figuier feuille, bois de massoïa, pain d’épice, carvis, anisé, paille, safran
Cis-3-hexenol;Vert;Herbe coupée, fruité, métallique plastique;Fruité agrume, blanc, plâtre, feutre weleda, métallique, shampouineux, peinture fraîche, un peu coriandre, vert herbacé, plastique, gazon, poire, kiwi, framboise, basilic, muguet
Citral;Citralé;Acide, citronelle verveine, métallique poussiéreux;Verveine, citronnelle, aigüe, pulco métallique, grinçant, bouillon céleri, arrondi coco, écorce de coco, cuisine thailandaise, blanc cassé, vert fluo, poussiéreux
Citronellol;Rosé;Poussiéreux crayeux rapeux, citralé citronelle, muguet;Coco rapeux, un peu citronnelle grasse, crayeux, rapeux, zeste, céleri, aldéhydé coriandre, cuisine thailandaise, rosé, fleuri épicé, angélique, magnolia, muguet, gingembre juteux, jus de pamplemousse
Corps Cassis;Soufré;Fruité cassis fruit de la passion, alliacé poireau, pipi de chat;Fusant, cassis, fruit exotique mangue passion figue, buis, soufré, règles, pipi de chat
Coumarine;Coumariné foin;Amandé poussiéreux, lacté, praliné miellé;Amande amère un peu métallique cireux, foin, paille, tabac, colle, jaune brun mat, miellé, praliné, rapeux, naphtaline
Cyclacet;;;Noix, iris, céleri, carvi, fraîcheur menthée, graine, rhubarbe, vert, boisé cédré, petit côté fruité, pin doux poudré, va vers un vert miellé viridine
Cyclogalbanate;Vert;Ananas, butyrique, vert tige;Fruité ananas, vert, butyrique, croquant, alcoolisé, fruité
Cyclotène;Pyrogéné cuir;Sucre brûlé caramel, réglisse, immortelle;Curry, café, immortelle, réglisse, sésame, sirop d’érable, seba, caramel, pyrogéné, cuisson, réaction de maillard, légume cuit, bouillon cube, marmitte, cachou, zan, céleri, foin, éthéré, très montant, balsamique, sauce soja, grillé, brûlé, noix caramélisée, eau de riz basmati
Damascénone;Fruité;Pomme pruneaux fruits secs, rosé, eucalyptus;eucalyptus, vieille rose, conifère, pin, cristal, cave à vin, humide, vineux, liquoreux, vieille bouteille, fût, forêt, vieux blouson, fruité, pruneaux à l’armagnac, fruits secs, pâtes de fruits
Damascone alpha;Fruité;Cave terreux noisette verte, fruité fruits rouge, térébenthine conifère, rosé;coing, cassis, pruneau, framboise, terreux, cave, bouchon de vin, eucalyptus, boisé camphré
Damascone béta;Fruité;Fruité confituré, rosé, conifère camphré aromatique;Rosé, confituré un peu plastique, géranium, pin terpénique, camphré, poisson, aneth, thym, eucalyptus laurier, raisin, ice tea peche, cassis, pomme poire, coing, liquoreux, liège
Décalactone gamma;Fruité;Fruité mirabelle mangue, agrume juteux, beurré crémeux;Fruité, tarte aux pommes, beurré, crémeux, un peu vert coco, mangue, lactoné mais vraiment dans le côté beurré crémeux tarte aux pommes cuite au four, un peu terreux moisi dans les facettes, croquant, sucré, prune, mirabelle, un peu juteux dans le fruité. Assez équilibré pèche/abricot, plus agrume pétillant juteux, vaguement irisé, le fruité du jasmin, vieux rouge à lèvres, poudre de cosmétique
Dihydro beta ionone;Boisé;Violette, Terreux, Ambre gris;Violette, irisé, cédré, carotte, boisé sciure, vétiver, crayeux, musqué, terreux, ambre gris sans ambroxan, thym, chat, sauge, cuir sec, épicé, méthyl eugénol, miel, avec une pointe de paracrésol pour effet chat
Dihydromyrcénol;Zesté;Citronné limette, aromatique lavandé, propre savonneux, métallique vert;Lavandé, linalol, aqueux, marin, frais électrique, vert, aromatique, fleuri frais, métallique hurlant, moche
Diméthyl anthranylate;Fleur d'oranger;Terreux cave carotte, fruité mandarine, napthaline, iodé salé;Anthranylate, céleri, carotte, grosse mandarine bien confite, légèrement fumé, doucement cannelle, raisin, note huitre marin très salé, terreux, intérieur d’hôpital, chloré, garage, sparadrap, noix, noisette, calcaire de coquillage
DMBC;Florale fraîche;Muguet lilas, caoutchouteux pneu, IBQ vert, zesté;vert, aqueux, épicé, persil, aigre, calcaire, minéral, un peu champignon, plastique chaud, baudruche, IBQ, câpre, eucalytpus, cave, gardénia, fleuri muguet, le freinage de train, terpinéol, acidulé de la coriandre, lilas, citron confit, le pneu neuf, le kumqwat, la balle de ténis, quelques facettes qui rappellent le DHM, cuir blanc, sol gymnase, ballon de basket/ de tennis, vert rhubarbe
Diphényl oxyde;Vert;Métallique, ozonique, champignon, fruité poire, rosé géranium;Aqueux, floral, pastèque, champignon, artichaud, poire, métallique, oignon, mangue verte, ozonique, terpénique, feuille de géranium, vert menthé sucré, juteux
Dynascone;Fruité;Vert galbanum, fruité ananas, gras lactoné;Lessiviel, transparent, montant, essence de ciste, ananas vert, fourmis écrasée, térébenthine, yaourt, lait fermenté
DMA Citral;Citralé;Verveine citronelle, vert, métallique aspirine;Citralé, bonbon, anti moustique, citronelle, vert, verveine, pin, conifère, petit fond alliacé, plus juteux vert naturel métallique que le citral, va vers le PTG citronnier, aspirine, légère inflexion mandarine, concombre, feuille de citronelle fraîche
DMA  aldéhyde hydratropique;Mousse moisi;Champignon, vert sève, floral chèvrefeuille, zesté pamplemousse;Vert miellé, champignon, pomme noyaux, vert assez chèvrefeuille, croquant, feuille et tige, lierre, chèvrefeuille, oranger, doux, capucine, roquette, métallique, rosé, jacinthe, sauge, carambole, fleur d’oranger, pamplemousse, végétal, sève, terpinéol, pollen, pétillant (parfois on le voit très agrume), anisé sucré, truffe, fraîcheur conifère, feuille morte sous-bois automne
Ethyl linalol;Florale fraîche;Lavandé, zesté pamplemousse, freesia chèvrefeuille;Côté liquide du linalol, poivré, thé, un peu gras crayeux, fleuri orangé, plus rond que linalol, jus d’orange, un peu métallique, jus de betterave, transpi, vomi, freesia, chèvrefeuille, coriandre, camphré dihydro, bois de rosé, anisé, basilic frais
Ethyl maltol;Pyrogéné cuir;Caramel sucre cuit, fruité fraise, lacté boisé;Gourmand, madeleine, gâteaux, fleur d’oranger, sucre cuit, cake industriel, beurré, lacté, fruité, coco grillée, conifère, résineux pin
Eucalyptol;Agreste;Camphré térébenthine pharmaceutique, eucalyptus, montant glacial, sucré;Hyper camphré, eucalyptus, cannelle, cardamome, tellement fusant, pureté, glacial, transparent, bonbon la vosgienne, sève, réglissé, s’éteint d’un coup
Eugénol;Epicé;Girofle, médicamenteux, métallique, oeillet piquant, bois fumé;Clou de girofle, cireux, pateux, chaud, métallique, vanillé, fiente, ferme, pneu, poussiéreux, vieille cave, un peu chocolaté, épicé oeillet, bois brûlé (feu qu’on aurait éteint avec de l’eau), nuance feuille de laurier, banane séchée, pièce de monnaie sale
Evernyl;Mousse moisi;Boisé cèdre, poussiéreux âcre, algue iodé;Poussière, mousse de chêne, beige, gris rèche, animal empaillé, foin, paille, nuage de poussière, iodé algue, minéral, mûre, myrtille en tirant loin, anthranylé
Exaltolide;Musqué;Fruits rouges (mûre, myrtille, framboise), boisé lacté, animal (à nuancer);Fleuri musqué doux, beige, très légèrement poudré, image de soie, peut aller chercher une note terreuse douce, odeur du papier, plâtreux, lacté, santalé, yaourt à la mûre framboise, petite tonalité fleur d’oranger, parfois un peu animal
Florol;Florale fraîche;Muguet magnolia freesia, zesté mandarine, vert;Limonène, pas très montant, comme un limonène éteint, fleuri blanc, mandarine, chaussette, chocolat blanc, fleuri blanc rosé un peu aromatique freesia, citronné zesté, quelque chose du dihydro en éteint, magnolia, ananas, linalol/coriandre, linalol vert, terpinéol aqueux
Floropal;Zesté;Pamplemousse, vert rhubarbe, Aromatique cannabis, fruité goyave lantana;Rhubarbe, frais zesté, vert, citron vert, yuzu, métallique, grinçant, soufré, grosse beuh de ouf, cannabis, pin, pamplemousse, sauge, eucalyptus, romarin, pépin de framboise, gelée de goyave, fruit de la passion, lantana camara, ortie, feuille de tomate
Fraistone;Fruité;Ananas fraise, anisé, champignon cis-jasmone, floral blanc;Anisé fin et synthétique, fruité banane ananas, anisé abstrait, un peu champignon vert, fructone, lactoné jasminé, lavandé basilic, un peu davana vineux, acrylique, un peu weleda
Frambinone;Fruité;Framboise grenadine, sucré barbe à papa lacté, plastique poussiéreux;Framboise, mûre, canneberge, grenadine, marqueur, APE, protège cahier, plastique, cellophane, boisé, transpiration clef, krema, rail de train
Fructone;Fruité;Butyrique acide, pomme ananas, éthéré, vert;Liquoreux, fruité, banane, feutre weleda, poussiéreux, mangue, fruit exotique, ananas et cocktail ananas, acide, acidité de la pomme, l’acidulé du fruit en général, boisé, un peu calcaire dans le fond, un peu le vomi de la fraise mais pas trop vomi quand même, fraîcheur un peu mentholée, lacté, éthéré, anthranylé, bière, buis, côté crésol et anisé du paracrésyle, quelques reflets coca cinnamique
Galaxolide;Musqué;Fruits rouges, vert pomme, vanillé onctueux;Musqué doux, propre, lessive, vert pomme, subtilement vanillé, difficile à remplacer car effet vanillé onctueux que les autres muscs n’ont pas, parfois une tonalité fleur d’oranger
Galbazine;Vert;Poivron, asperge petit pois, piment fève;Vert, noisette, poivron, galbanum, pastèque, racine, noisette verte, piment, asperge, figuier, feuille de tomate
Géraniol;Rosé;Zesté citronelle, métallique, vert, légèrement champignon (qui est caractéristique);Citronelle, rince doigt, acide, poisson, métallique, citralé, verveine, frais montant aérien, géranium, rosé, menthé vert, fruité jus de fruit, thé au citron, presque rhum aussi, jus de pamplemousse, aspect champignon qui le distingue du citronellol
Glycolierral;Vert;Pamplemousse, cassis, fruits rouge, thé vaporeux;Vaporeux, souffle spirituel, coup de vent, fruité framboisé, myrtille, soufré léger, pamplemousse, cassis, yaourt, laurier feuille, sourd, poivré, thé, baies de genièvre, linalyle, brugnon
Habanolide;Musqué;Boisé sec santalé, métallique, fruité mûre;Musc blanc plus terreux, métallique, boisé sec, montant, moderne, piquant, boisé ambré, fusant, café, plombant poudré, crémeux, santalé sec, légèrement anisé, un peu sauge sur les bords, savon de marseille, vieille rose boisée, mûre sec, granuleux de l’angélique, chocolat blanc, noix de coco, damascone. Dans vanille exquise dit Isabelle
Hédione;Florale fraîche;Jasminé, citronné acidulé, aérien aqueux humide lointain, léger effet butyrique;Poussière d’étoile, blanc scintillant, très frais, petites bulles aériennes et légèrement humide, beau et fin, jasmin lointain, doucement anisé, effet butyrique très léger, effet fleuri de la peau de citron, céleri champignon, vert fruité vaguement butyrique, magnolia
Hélional;Marin;Fruité pastèque, vert croquant, aldéhydé;Fruit d’eau, melon, pastèque, vert, aqueux, croquant, maigre, métallique, marin, cerise jaune avec la grande feuille physallis
Heliotropine;Anisé;Amandé cerise, très poudré, vanillé, floral lilas mimosa;Vanillé cuiré, poudré, lacté, poudreux, amandé, sombre cuir pneu colle, monte dans le nez tellement est poudré, gauffre, pâte à modeler, cerise, lait concentré, violette, lilas, mimosa, cassie, aubépine, giroflée, feuille de shiso, anisé, menthé
Hexalon / Cétone V / Allyl alpha ionone;Fruité;Banane ananas, violette, vert, cédré;"Banane, arlequin, chimique, un peu boisé, vert, solvant, banane vert, sucré, gelée anglaise, anisé, ténu, confiture de bleuet, fruité ananas pomme, toute une partie boisée, un peu butyrique, châtaigne crue, gomme, sourd.
Loulou, petite chérie, grey flannel, la nuit de paco rabanne. Peut plomber formule donc mettre peu"
Hydroxycitronellal;Florale fraîche;Muguet lilas glycine, aldéhydé fer chaud, ozonique vert concombre;Fleuri léger un peu humide concombre, muguet, chèvrefeuille, bourgeon, lilas, glycine, santalé fer chaud, gras salé
Indole;Animal;Fleuri pétale, naphtaline, goudron pétrôle;Napthaline, pétale de fleurs (lilas, jacinthe, muguet…), glycine, genêt, pétrole, encre sèche, sent le vieux, cacahuète, girafe (crésol et indole)
Ionone alpha;Florale fraîche;Crémeux gourmand gras, fruité framboise, violette;Violette, fruité rapeux, iris sec poudreux, vert menthé, cèdre, framboise, crémeux, bonbon à la framboise, sucré, un peu acétate de terpényle, cerise, frite
Ionone béta;Florale fraîche;Violette poudré, cuiré terreux, caoutchouteux, fruité framboise pêche;Cuir blanc, magasin de chaussure, daim, cours techno soudure, fleur d’oranger, guimauve, mentholé, pêche, iris, cèdre texas, violette, parfois pétales de rose, plastique chaud, caoutchouc, smarties chocolat, bâton réglisse
Iralia;Florale fraîche;Violette, daim cuiré, camphré eucalyptus;C’est un mélange de méthyl ionones compté comme un produit simple. Violette, cuiré, daim, soufré, pamplemousse, boisé dur, crayeux, fruité frmaboise, un peu cédré iso e, ambre gris sans ambroxan, camphré, conifère, poudré, thé, juteux linalyle, un peu rosé, beurre, encens, iris, réglisse, café, + daim boisé sombre que l’isoraldéine qui elle est + linalyle fruitée, se développe plus dans le temps que l’isoraldéine
Isobutavan;Balsamique;Chocolat cacao, glace à la vanille, rhum raisin;Chocolat au lait, en poudre, nesquik, noisette, crème de noisette, on ouvre le sachet de Savane, rhum-raisin, vanille, nougat, côté éthéré, pistache, petite madeleine de mauvaise qualité, des chamallows au cacao, gousse de vanille, nutella, tolu, vert tige, vanillé fleuri blanc
Isobutyl Quinoléine;Pyrogéné cuir;Légume cuit asperge verte, terreux, soufré, aromatique thym estragon cannabis;Artichaud, vert, asperge, pipi d’asperge, champignon, dur cuir, sec, petit pois, fumé, encre, céleri, iodé cuir, estragon, garage, thym, beuh, cannabis rhubarbe
Isobutyrate de phénoxyéthyle;Fruité;Fruité melon, champignon, floral magnolia;"Fleuri aqueux, melon, tilleul, gardénia, lilas, rosé, cinnamique, chèvrefeuille, fruité transparent, fruit d’eau, fruit un peu trop mur, légèrement aldéhydé, vert champignon, levure, camomille, fait vraiment champignon avec le temps. Dans le fruité : pomme, prune, poire, papaye, noix.
Autre date : Fruité fruits secs, rosé, thé, sarrasin, facette minérale de l’encens, farineux, blé, miellé doux, floral jacinthe tilleul, fruité prune, mangue bien mûre, boisé assez rond"
Isobutyrate de phényléthyle;Fruité;Fruité pomme banane, vineux butyrique, rosé, miellé;Vapeur d’alcools, fond de bière, fond de vin, haleine d’alcool, fermentation, levure. Fruité pomme, fruits secs au soleil, prune, mirabelle, fraise tagada, banane. Côté rosé APE mais dans les facettes blanches alcool. Un peu champignon sec, léger truc violette, fruité vert de la jacinthe, marguerite, gras, vieux champignon, mie de pain
Isocyclocitral;Vert;Pomme verte, patchone terreux, conifère;Herbe coupée, champignon, menthé, conifère, térébenthine, damascone, buis, moisi, mousse, pomme trognon, betterave, fibreux, bougie Noël
Iso E Super;Boisé;Ambré, cèdre vétiver, violette, sucré;Cèdre humide, boisé sec mais avec note humide, violette, anisé, boisé ambré très doux, plus sucré boite à sucre, cèdre et vétiver, très légèrement fumé, légèrement pétillant, parfois il a des facettes presque un peu verte, conifère, apporte beaucoup de poudré quand il y a des notes florales autour
Isoeugénol;Epicé;Oeillet, vanillé, fumé, eugénol;Epicé, vanillé, poudré, compact, girofle, oeillet, remonte dans le nez comme l’héliotropine, minéral, cuisson, salé, fumé, écoeurant, partie florale : lys, lilas, pétunias, tiaré, gardénia…
Isoraldéine 95;Florale fraîche;Violette, fruité framboise, boisé, bergamote;Equivalent théorique de la méthyl ionone gamma coeur d’IFF (+crémeuse). Ce sont des mélanges, ici dominante alpha isométhyl ionone. Violette, plâtre, camphré, fruité framboise, cachou, bergamote, sucré, fleur d’oranger, jus de frambois, sève de pin, boisé
Jasmolactone;Fruité;Coco, figuier, pina colada;Coco doux, coumariné, vert figuier mais plus fonctionnel, plus faible, fleuri blanc onctueux, côté lacté et jasmone aussi, un peu raide boisé, subtil, se tient bien. Alliacé, beurré, vert, odeur de l’aneth, nuances de tubéreuse et gardénia, pina colada, paréo, pomme de terre, la paille, peau de saucisson
Jasmonal A;Florale fraîche;Fleurs blanches gardénia jasmin, fruité fraise pomme, thé verrt, cinnamique doux;Fleuri blanc, crémeux, doux, gardénia, un peu thé, fruité poire très doux, légèrement fleur d’oranger, un peu anthranylé, fruit rouge  fraise, vert, seringa, très légèrement cinnamique, un peu champignon, un peu ananas, facette ananas de l’oud, peau de raisin, savonneux
Jasmonal H;Florale fraîche;Jasminé, fruité poire, vert marin, zesté;Un peu moins rosé que jasmonal A, crayeux, animal, plâtre, poudré, légèrement moisi, pâte à modeler, sourd, crayon de couleur gras, cinnamique, marin, benjoin, benzoate de benzyle, vineux, vinaigré, fleur blanche jasmin muguet, vert frais de la fraise, zesté, cuiré doux, floral vert du mimosa, belle paraphine
Jasmonate de méthyle;Florale fraîche;;thé au jasmin, croquant, beige, céleri cis jasmone, hédione en plus chaud, fruité fraise, rondeur d’agrume, amertume du pamplemousse, côté solaire gras, côté gras du jasmonal h, miellé très transparent
Karanal;Boisé;Boisé sec, vert, gras huileux;Beurré, vert tubéreuse, gras, végétal, feutre à ardoise, grinçant, boisé sec, grosses différences de perception seul
Kephalis;Boisé;Vert pomme, ambré ambroxan, sauge;Boisé humide, bornéol, ambroxan, humide, aqueux, salé, vétiver, fruité ananas, limonène, peinture, pin, sauge, pomme, peau, soja, cuir, tabac
Lactone de cis-jasmone;Florale fraîche;Floral tiaré, fruité coco, céleri, vert;Un peu coco, lactoné, pêche, crayeux, un peu daim, assez discret mine de rien, un peu vert, guimauve, fleur d’oranger, poire, floral blanc jasminé, tubéreuse douce, frangipanier, gasoil. Passe de la pêche à la coco en plus floral. Fleur blanche plus linalol, discret, un peu céleri, feuille verte des plantes grasses, tiaré, frangipanier, gardénia, presque un côté un peu boisé ambré, feuille de thé sèche
Lévistamel;;;Immortelle, solvant, café, brûlé, poire, poire au chocolat, salé, curry, épicé, café
Limonène D;Zesté;Orange pamplemousse, amer métallique, acidulé;Jus d’orange cheap, orangina, jaune moche, sent les zestes, l’orangina chauffé, médicinal sapin, s ‘évapore très vite, amer, sucré, acidulé
Linalol;Florale fraîche;Lavandé, poivré, zesté bergamote, floral chèvrefeuille;Vert, chèvrefeuille, lavandé, basilic, bergamote, zesté, agreste, ensoleillé, propre, vert bleu blanc, liquide, chloré, anisé, muguet, poivré, raisin blanc, thé
Magnolan;Rosé;Rhubarbe cassis, pamplemousse zesté, champagne;Effet métallique, un peu oxyde de rose, artichaud, soufré, poire, pomme, rhubarbe, un peu boisé sec, cédré montant, pamplemousse, pétillant champagne cidre, litchi, le bouchon de champagne, carotte (une dans le paquet qui n’est pas très bonne), muguet, groseille à maqueraux
Manzanate;Fruité;Pomme, liquoreux éthéré, ananas fraise;Bonbon au fruit, framboise, eucalyptus, éthéré, haleine chewing gum, oxyde de rose, sucré, ananas, fusant, fraise, anesthésiant, couille de mammouth, disparaît au bout de 3 minutes, mauvaise grenadine, redbull, liquoreux, éther, fruité exotique indéfini
Méthyl dianthylis;Epicé;Girofle, fumé, vanillé, fleuri oeillet lys lilas glycine;Fleuri cuiré, phénolique, saumon, vanillé, cassie, daim, pistil de lys, marron glacé, poudré héliotrope, gaïac, carbo, chocolat nesquik, smecta, sent énormément la glycine, un peu le lilas mais surtout la glycine, c’est un poil trop vanillé pour la glycine
Méthyl hepténone;Fruité;Banane, citralé, céleri;"Très benzylé banane, isoamyle, arlequin, cheap, ça racle, côté citralé citronné, acidulé, coca, pétillant, soda, pétillant, colle, épicé, céleri, fromage, foin, peut aller vers fruité éxotique, lavandé
Citralé sans limites ifra, pas mal en gel douche, sort bien en bougie (l’île au thé : undécavertol / méthyl hepténone)"
Méthyl pamplemousse;Zesté;Pamplemousse, aromatique eucalyptus, fruité cassis, rosé;Pamplemousse, transpiration, orangé, vaisselle, cassis, soufré, règles, menthé, citronné, craie mouillée, pivoine, rosé, fruits rouges, mangue, cédré, poivré, terpénique, éthyl linalol, zeste, jus de framboise, gingembre, pois de senteur, thym, litchi, géranium, en arrière plan certains effets sandalore bacdanol
Musc cétone;Musqué;Poudré poussiéreux, fleuri indéfini, animal ronronnant, peau doux;Musc poudré, crayeux, anisé, soyeux, rond doux chaud orange, floral un peu indéfini, le fond des vieilles colognes, grésillant, suif, peau
Muscénone;Musqué;Musc nitré, santalé, anisé;Musqué, poudré, nitré, anisé, doux, peau, plus clair que la muscone, devient + blanc à l’évolution, plus perceptif, plus crémeux, crayonneux, âcre, poudré, animal, un peu du boisé des macrocycliques, un peu santalé
Muscone;Musqué;Musc nitré, vaporeux fleuri blanc, anisé, animal;Peau chauffée, musqué, fleuri blanc, anisé, poudré, pelage, cacahuète, poivron, poudré savonneux, vaporeux, texture velouté, plus noir
Musc T;Musqué;Fruité mûre, crayeux, animal;Musqué, poussiéreux, fruité mûre, subtilement pin, ténu, granuleux, vraiment fruité, un peu crayeux minéral sec (pas crémeux), subtilement nitré, peau de mandarine, un peu animal sale, fruité un peu terreux, un peu acidulé, un peu boisé
Nérol;Marin;Métallique, plastique, fleur d’oranger, rosé;Sac plastique, rose sous-cellophane, fruité mûre, protège-cahier, encre, mûre grain, fleur d’oranger, linalol, paille, crottin, narcisse, vert, fleur d’iris, citralé, groseille, fruit rouge, pois de senteur, ficus frais qu’on écrase entre les doigts
Nerolidol;Florale fraîche;Fleuri magnolia, boisé sec, fruité poire, vert;Floral transparent, délicat, un peu poire, boisé sec légèrement, un peu rhum mais vraiment transparent genre whisky japonais, ça sent la pluie, je ne sens pas grand-chose, pétrichor, vert délicat, sourd s’installe dans le temps, la peau de la mangue, un petit peu butyrique, alcool de poire de l’ambrette, vaguement agrume, aqueux de loin, mimosa, ça sent un peu la fleur de magnolia, certaines facettes du jasmonal, nérol ténu, fruité frais un peu vert (ananas, kiwi), côté gouache aussi
Cis-6-nonénal;Vert;Concombre pastèque, aldéhydé, vert de violette;Concombre, pastèque, eau douce, melon, eau de l’huître, métallique, punaise écrasée, violette, vert de violette. Lui est vraiment eau douce/melon là où le nonadiénal est + feuille de violette
Nootkatone;Zesté;Pamplemousse (sec confit), aromatique thym beuh, boisé vétiver, fruité rhubarbe;Pamplemousse séché, beuh, rhubarbe confite, vert boisé aromatique, marmelade, pelure de pomme, thym au début, poivré, poivre timut, lentille, infusion de tilleul verveine, vétiver, framboise, vin blanc sucré, encens
Octahydrocoumarine;Coumariné foin;Coco, menthé éther, figuier, graine;Coumariné, lacté, coco, figuier, eau de coco, graine, céleri, cardamome, cèdre, santal, calcaire, craie, détergent, éther, médicamenteux, riz, poussiéreux, mousse, algue, rocher coco, menthé, hyracéum, étable, foin, mimosa, spéculoos, noix chaude
Octalactone gamma;Fruité;Coco, juteux (jus de poire), carvi, figuier massoïa;Noix de coco liquide, menthé, fruit rouge, rosé, citralé, banane verte, jus de poire à fond, iris gras, bois de figuier chaud, suave, vraiment figuier
Octine carbonate de méthyle;Vert;Concombre, champignon, violette;Vert, concombre, violette, mimosa, fromage frais, peau de champignon, terreux, fruité, vapeur de fer chaud, caprique, aneth, estragon, herbe coupée fermentée, camomille, gardénia
Oranger cristallisé;Fleur d'oranger;Poussiéreux plâtreux, coumariné lacté, anthranylé fleuri fruité fraise, anisé;Poussiéreux, anthranylé, APE, juteux, un peu musqué, plâtre, lacté, doux rond, assez bloc, santalé, sourd et plat, fleuri visqueux, un peu coumariné, anisé, réglisse, guimauve, bâton d’esquimaux machouillé
Oxane;Soufré;Fruité cassis pamplemousse, alliacé poireaux, vert, amer;Poireaux, transpiration, ail, vert, fruit de la passion, cassis, pamplemousse, orange, certains conifères cyprès
Oxyde de rose L;Rosé;Métallique, thym vert poivron légume cuit, fruité cassis, pétrole;Oxyde de rose, métallique, poivré, artichaud, rouillé, couteau, lave-vaisselle, pêche, navet, rosé métallique, ozonique, champignon, fruité liquoreux, poivron, pétrole, coing, cirage, goyave
Paracrésol;Animal;Cheval, cuiré encre gouache, fleuri blanc animal jasmin;Poney, gouache, phénolique, cuir sec, plastique, feutre, protège-cahier, sucré maltol à fond, castoréum, poussiéreux, fleur blanche, pédiatre, salle d’attente, salé, marin
Patchone;Mousse moisi;Cave betterave, carotte iris, boisé chêne, vert;Poussiéreux, fût de chêne compact, cave humide, moisi, fromage de chèvre, oud, vert, un peu cashméran, musqué hyper compact, betterave, terre humide, irisé synthétique, marais, carotte, céleri, vert sève, chloré, plâtre humide, minéral, liège, vieux livres, cuiré, encre, grenade, menthé, partie blanche du pamplemousse, facette du costus, épicé m&thyl eugénol
Phenoxanol;Rosé;Fruité litchi mirabelle, pivoine géranium, pamplemousse rhubarbe;Fruité doux mignon mirabelle litchi rhubarbe, pharmaceutique arnica, rosé doux, pamplemousse, anisé, savonneux, eucalyptus, rose peau, pivoine croquant, gardénia, violette, géranium, vaguement muguet, mimosa, un peu ozonique vaporeux
Phénylacétate d’amyle;Miellé;Fruité pêche ananas, cacao, rosé, vinaigré;Miellé, pollen, rosé, chocolat, pêche, ananas, vinaigré, beurre, vanille, jacinthe
Phénylacétate de phényléthyle;Miellé;Rosé rose absolu, bière, vineux vinaigré;Phényléthylique + tapé et vineux, vraiment très vineux vinaigré, un peu vert jacinthe, marguerite toujours, fromage, un peu eau d’issey, plastique, eau de rose, pivoine, absolu de rose, cire d’abeille, balsamique, bière, côté miellé envol de cartier, champignon, pharmaceutique, seringa, genêt, karo-karoundé, s’essoufle vite mais tient bien dans le temps
Pinène alpha;Conifère terpénique;Carotte, camphré croquant, résine, vert croquant;Eucalyptus, terpénique, poussiéreux, sec, sapin, mentholé, cédré, très volatile 2min, coca cola, carotte
Propionate de benzyle;Fruité;Poire mirabelle, jasminé, indolé;Propionate + mirabelle prune qu’acétate + banane. Fruité poire, banane, acétate, vernis, prune, jasminé, tubéreuse, jacinthe, narcisse, indolé, frôle le butyrique
Rhodinol;Rosé;Citronnelle, plastique aldéhydé, pamplemousse, fruité artificiel;Citronellol, géraniol plus fruité, butyrique, métallique, géranium, aldéhydé, légume, fenuil,bonbon acidulé, poire chaude, plastique chaud, pamplemousse, cassis
Rhubofix;Zesté;Pamplemousse, Rhubarbe, conifère, lavandé bergamote;Pamplemousse, pin, eucalyptus, romarin, sapin, orange, vétiver, boisé, eucalyptol, cave, humide, linge mal séché, feuille de tomate, rhubarbe, vert, basilic, poivré, irisé plâtre, lavandé, ambroxan, verveine, ambré sec, conifère, punaise écrasée de l’iris, bergamote, cardamome
Rosacétol;Rosé;Fruité litchi, vert, crayeux poudré;Rosé, litchi, coing, pharmaceutique, vert, bulle rose
Rosalva;Rosé;Artichaud champignon, fruité poire farineux, aldéhydé vaporeux froid neige, vert violette;Lessiviel, pressing, fruité blanc genre poire pourrie, montant gras, cheapos, pomme, un peu vert violette octine mais moins impactant, un peu bougie, le farineux de la poire de ouf, goudron chaud en été, teinture cheveux, calcaire, minéral rocher humide, neige, laine, huile de tournesol, côté artichaud de la rose, pot pourri en déclin
Salicylate d’amyle;Balsamique;Vert, amer desséchant, solaire, mandarine anisé;Vert, poivron, piment, plastique, montant aigu, cellphane, un peu IBQ doux, raide, rapeux, salicylé, mandarine, rhubarbe, estragon, basilic, banane verte, céleri rave (boule de céleri, pas feuille), fuel, pot d’échappement, carburant combustion, thé sencha, carvi, goudron, encre, gouache
Salicylate de benzyle;Florale fraîche;Fleur blanche (jasmin, gardénia, lys), suave doux lumineux solaire, poudré;Floral blanc, doux, solaire, poudré, balsamique, jasmin, gardénia, lys, crinium (bahamas), frangipanier, plastique, oeillet
Salicylate de cis-3-hexenyle;Florale fraîche;Floral gardénia lys, fruité pomme poire raisin, vert, champignon;Salicylé, vert, raisin, jus de pomme, épicé, roquette, raisin sec, tabac, persil, marin, légumineuse, fève, damascone, minéral, champignon, fraise fraîche, fleur blanche, presque racine d’iris cru, glycine, muguet
Salicylate d’hexyle;Florale fraîche;Fleur blanche, oeillet, vert, marin plastique;Salicylé, vert, feutre weleda d’ardoise, plastique, un peu cuiré, banane, poireaux, fleurs blanches, laitue, solaire, fleuri, savonneux, doux, blanc d’oeuf, fruité poire, petit oeillet, fruité, un peu marin, anisé, fleur de jasmin sambac. Permet d’avoir de la fraîcheur en fond
Salicylate de méthyle;Agreste;Camphré mentholé pharmaceutique, goudron fumé, fleuri tubéreuse exotique, épicé girofle coriandre;Wintergreen, fleur d’oranger, plus lactoné, cuisine thaï, tubéreuse, placard à pharmacie, effet coriandre , mentholé, riz de paella, root beer, dr pepper, en trace dans une vanille (facilement maîtrisable)
Sandalore;Boisé;Santalé, musqué doux, farineux;Santal synthétique, rapeux, fenouil, fruit sec liquoreux, semoule pas cuite, poudré, café froid, un peu ibq, pamplemousse, musqué
Sandela;Boisé;Santalé, gras, fumé, baton d’encens hippie;Sourd, boisé coco faible, santalé, chocolat blanc, pignon de pain, plus proche du santal nat, crème au beurre, mais un peu sec aussi, papier gras
Stémone;Vert;Figue, menthé, feuille de tomate cassis soufré;(Labienoxime : cousin de la stémone dans Ninfeo Mio), grain de la figue, vert, un peu œuf et céleri, sève sucrée, thuya, soufré cassis menthe, épinard, moite, ortie, grinçant, feuille de tomate, lierre, buis, menthé, terre humide, moisi, fumé, rocher mouillé
Sulfurol;Soufré;Viande andouillette, lacté chaud, aminé thon;andouillette de vire, thon, rillette, poulet roti, bouffe pour chat, cacahuète, frein de voiture, ça sent l’effaceur, le liège, monster munch, vitamine B
Terpinéol alpha;Conifère terpénique;Fleuri lilas lavandé camphré, moisi mousse, chloré humide;Ethéré vaporeux, brume, hopital, fer chaud, détergent, cheap, éponge pour effacer tableau à l’école, citronelle mais très sec, camphré boisé, lilas vaguement, cire, encaustique, floral abstrait, coca cola, chloré
Timbérol;Boisé;Ambré, cèdre, cuiré, poussiéreux;Boisé ambré, crayeux, vieille ballerine, cuiré sec, poussiéreux, cirage, vieux livre, karanal, papier journal, garage, mousse evernyl, cuiré ibq, boisé plutôt cèdre, patafix, cacao
Tonalide;Musqué;Fruits rouges mûre, poudré platreux, terreux betterave;Musqué sec terreux, terre après la pluie, betterave, plâtreux, propre lessive, lessive en poudre
Trans 2 cis 6 nonadiénal;Vert;Concombre pastèque, iris blé semoule, crème fraîche;Concombre à fond, irisé, carotte, pastèque, violette (fleur et feuille), humide, aqueux eau douce, farineux, semoule, gras, blé, mimosa, germe de soja, crème fraîche
Tridécénitrile;Orangé aldéhydé;Gras lactoné, marin aqueux, mandarine, coriandre feuille;Marin, iodé, aldéhydé, aigre, sueur, vaporeux, huître, escargot, mandarine, minéral, rosé, lactone, feuille de coriandre, gingembre
Triplal;Vert;Feuille, menthé anisé, fruité vert pomme kiwi;Vert, gazon, feuille de tomate, menthé, essence, solvant, figuier, kiwi très vert, pomme, cerise, gras, huile d’olive verte amère, anisé, avocat au citron, cassis, pomme verte, jus d’orange frais, floral vert, rose verte
Undécavertol;Vert;Pastèque concombre, fruité pomme verte, farineux, légumineux;Vert violette, pastèque, champignon, melon, aqueux, transparent, doux, gras, marin, fleuri pivoine, marais, croquant, pomme verte, fleuri aqueux vert abstrait, concombre, mangue, lait de figuier, fade, farineux, mimosa cassie, feuille de cassis, thé (bougie l’ile aux thé), miellé, cage à oiseaux clapier, thé vert, potiron, artichaud cru, jus de raisin, anisé aneth
Valencène;Zesté;Peau d’agrume, fruité banane, vert;Banane pour homme, fruité vert, poire masculine, ananas, boisé, reflux gastrique, côté masculin cheap, gazon, balle de tennis wimbledon, kumqwat, arête saumon cuit, batonnet de carotte apéro, suze, peau d’agrume, navet, floral fleuriste, papier glacé, d’habitude + orange. Intéressant dans la formulation 100 % nat pour agrumes et fruités
Vanilline;Balsamique;Poudré amandé, fumé, cacao sucré lacté;Grosse vanille sucré, un peu cheap, fumé sucré, épicé direction girofle, jambon fumé sous plastique, amandé dragé, lacté, poudre de cacao, poudré chaud, boisé papier
Velvione;Musqué;Crayeux, animal nitré léger, boisé sec;Musqué, blanc, crayeux, sec, poudre blanche, craie, copeaux de cèdre santal, fruité mûre, moderne, propre linge, plâtreux, crémeux un peu froid, glace, un peu ambrette, cotonneux, une partie se révèle avec des effets nitrés animal en très soft, avec le temps devient un peu cuiré
Verdox;Fruité;Boisé cèdre, pétillant champagne, fruité pomme fruit rouge;Damascone en plus lacté et plus ionone, champagne, champignon, truffe assez fruité, carotte, iris, cèdre boisé, eucalyptus, poussiéreux bouilloire, épicé, sciure de bois, cagette pommes, cave
Vertenex;Boisé;Fruité poire, cèdre, violette, lavandé thé limonène;Cèdre et orange, pêche, cèdre liquide comme du cèdre dans du limonène, gazon de l’heure vertueuse, fruité un peu violette pomme, gazon, boisé ambré doux, acétate terpényle, un peu vert mimosa
Vertofix coeur;Boisé;Cèdre, encens, violette, ambré sec fumé;Cèdre, violette, terreux, anisé, sciure, carotte, bleu nuit, salé, farine du vétiver, doux musqué, encens, légèrement fumé, poivre, partie bleue des gommes à deux bords
Violettyne;Vert;Alliacé gaz, champignon, tébérenthine, violette;Vert de violette, aldéhydé, poireaux, artichaud, souffle, gaz, vert alliacé, violette, s’essoufle vite non ?, rosé, feuille, angélique, peau de mangue (térébenthine), genièvre baies, gin, huile d’olive verte, petite partie du litchi, caprique, ocimène, aiguille de sapin
Viridine;Vert;Champignon, jacinthe, miellé, agrume bergamote;Vert, soupe aux champignon, pétrole, bombe, tige, hyper vert, placard à jouets abandonné, houlous, plastique, radis, agrume (peau blanche), noir de bergamote, rosé, miellé
